agency_id,agency_name,agency_type,county,vendor,camera_count,count_basis,count_as_of,private_cameras_connected,written_policy_exists,policy_name,retention_days_configured,retention_policy_text,sharing_partner_count,sharing_list_obtained,federal_partners_named,contract_start,contract_end,annual_cost_usd,council_vote_date,transparency_portal_url,kora_request_id,source_url,doc_sha256,verified,notes
KS-WICHITA-PD,Wichita Police Department,municipal,Sedgwick,Flock Safety,200,petition allegation; 191 in purchase contracts as a floor,2026-07-29,yes,yes,License Plate Reader Policy 804,,at least 30 days; indefinite whenever directed by a supervisor,,no,FBI/USPIS/Wright-Patterson AFB/TX DA/AL DOC reached via Junction City,,2026-09-30,,2024-10-15,https://transparency.flocksafety.com/wichita-ks-pd,,https://kansasjusticeinstitute.org/wp-content/uploads/2026/07/1-Petition.pdf,3274bcdb3ef625067ff658468e3f760fbcd4f886d844bce0af07fc28324800ee,partial,"Defendant in Grimmett v. City of Wichita, No. SG-2026-CV-002760 (Sedgwick Cnty. Dist. Ct., filed 2026-07-29). Camera count and Policy 804 text are petition allegations, not findings. Contract end date is from an aggregator and is the most time-sensitive item to verify."
KS-JUNCTIONCITY-PD,Junction City Police Department,municipal,Geary,Flock Safety,,,,,,,,,,no,"FBI, U.S. Postal Inspection Service, Wright-Patterson AFB, a Texas district attorney, Alabama Dept. of Corrections",,,,,,,https://kansasjusticeinstitute.org/wp-content/uploads/2026/07/1-Petition.pdf,3274bcdb3ef625067ff658468e3f760fbcd4f886d844bce0af07fc28324800ee,no,Receives access to Wichita's database per petition para. 9-11; shares onward with hundreds of agencies. Reported to have slowed Flock expansion after metro cancellations (Aug 2026). Highest-priority sharing-list request in the program.
KS-KHP,Kansas Highway Patrol,state,statewide,,,,,,,,,,,no,,,,,,,,https://klrd.gov/publications/automated-license-plate-readers/,,no,"KLRD memo reports WPD and KHP historically stored ALPR data via Houston HIDTA with six-month retention. Detail may be years out of date. Verify current vendor, count, and retention."
KS-KBI,Kansas Bureau of Investigation,state,statewide,,,,,,,,,,,no,,,,,,,,,,no,No information yet. Include in pilot tranche.
KS-TOPEKA-PD,Topeka Police Department,municipal,Shawnee,non-Flock LPR (vendor unconfirmed),20,local reporting,2026,,,,,,,no,,,,,,,,https://www.ksnt.com/news/local-news/are-flock-cameras-being-used-in-topeka-heres-what-police-say/,,no,Reported to use ~20 LPR devices that are not Flock. Proof that a Flock-only request packet returns 'no responsive records' from real ALPR operators. Identify vendor.
KS-LENEXA-PD,Lenexa Police Department,municipal,Johnson,Axon; Genetec; Leonardo,,,,,,,,,,no,,,,,,,,https://www.kcur.org/news/2026-06-29/automated-license-plate-readers-alpr-kansas-city-lenexa-weston-police,,no,Non-Flock multi-vendor deployment. Same vendor-neutrality point as Topeka.
KS-OVERLANDPARK-PD,Overland Park Police Department,municipal,Johnson,Flock Safety,77,crowdsourced map,2026,,,,,,,no,,,,,,,,https://mytownview.com/kansas/johnson/overland-park/community/surveillance,,no,Crowdsourced count. Lead source only - never cite as the count. Confirm via purchase contracts.
KS-OLATHE-PD,Olathe Police Department,municipal,Johnson,Flock Safety,69,crowdsourced map,2026,,,,,,,no,,,,,,,,https://mytownview.com/kansas/johnson/olathe/community/surveillance,,no,Crowdsourced count. Confirm via purchase contracts.
KS-GARDNER-PD,Gardner Police Department,municipal,Johnson,Flock Safety,,,,,,,,,,no,,,,,,,,https://johnsoncountypost.com/2026/08/20/gardner-flock-cameras-turn-off-294266/,,no,Reported to have switched cameras off 2026-08-20. Request the decision record and the council/staff analysis - this is the best available template for other Kansas cities.
