finding_id,date_captured,session_ref,trigger,jurisdiction,agency,assertion,record,source_doc,source_obtained,evidence_id,generalizes_how,charitable_reading,status,quarantined,quarantine_release,product_line,reform_hook,est_scale,next_action,owner
HF-001,2026-10-07,2026-10-07 Missouri misdemeanor defense,T1,MO / Jasper County,Carthage Police Department,"Sworn warrant application recited two recent failure-to-appear warrants and a history of interfering with and resisting law enforcement on three dates, as the stated basis for requesting an arrest warrant rather than a criminal summons.","Of six specific factual assertions, one is supported by the issuing court's own public docket. One cited date is an alias summons issued for a different named person; one date returns no entry; one cited arrest date returns no case; two cited dates correspond to peace disturbance and to stealing.","Statement of Probable Cause; Case.net dockets 09AP-CR01193, 10AO-CR01779, 22AP-AC00335, 22AP-AC00335-01",screenshot,,"For a sample of warrant applications in a county, extract every factual assertion in the flight-risk and criminal-history sections and check each against Case.net. Report assertions supported / unsupported / attributable to another person. Inputs are public; the procedure is mechanical.","The affiant wrote 'arrests,' not 'convictions'; a person may be arrested for one offense and charged with another. A records check keyed to a shared identifier (see HF-004) could produce a muddled history without any intent to mislead.",candidate,yes,Termination of 26AP-CR01146,instrument,Affidavit certification standards; supervisory review before warrant application in misdemeanor cases,Every warrant application in every Missouri county with Case.net coverage,Obtain certified copies of the four dockets; build the two-column check sheet as a reusable template,MG
HF-002,2026-10-07,2026-10-07 Missouri misdemeanor defense,T2,MO,Jasper County Prosecuting Attorney,Information charging RSMo 574.207 alleges the defendant was warned to stay away and then approached an officer with intent to interfere.,RSMo 574.207 requires approach within twenty feet after a warning. The Information omits the twenty-foot element entirely.,"Information, State v. Goodman, 26AP-CR01146",copy,,Pull all Informations charging 574.207 in a set of counties and measure how many plead the twenty-foot element. A defect rate per county and per prosecutor's office is a single table.,Charging documents are often drafted from a form and amended on motion; omission may be routine practice rather than a substantive defect.,candidate,yes,Termination of 26AP-CR01146,dataset,RSMo 574.207 drafting; charging-document sufficiency review,All 574.207 prosecutions statewide since enactment,Identify whether Case.net permits charge-code search across counties for 574.207,MG
HF-003,2026-10-07,2026-10-07 Missouri misdemeanor defense,T4,MO / Jasper County,Carthage Police Department; Circuit Court,"An officer requested an arrest warrant rather than a criminal summons, on recitals that largely do not survive the court's own records (HF-001).","Warrant issued; bond set; a surety bond was posted. The surety premium is non-refundable regardless of outcome, so the discretionary choice of warrant over summons transferred money out of the defendant's pocket before any adjudication.",Bond order; bondsman receipt and contract (to be obtained),not yet,,"For misdemeanor filings in a county, measure the warrant-versus-summons rate, then multiply warrants by the typical surety premium to produce a county-level figure for pre-adjudication cost imposed on defendants by a charging-officer's discretionary request.",Warrant requests may follow a standard checklist that an officer applies uniformly rather than selectively.,candidate,yes,Termination of 26AP-CR01146,report,Summons-preferred policy for non-violent misdemeanors; presumption against warrant where no prior FTA is verified,All misdemeanor filings in a county per year,Obtain the bondsman receipt and contract; confirm the local premium convention,MG
HF-004,2026-10-07,2026-10-07 Missouri misdemeanor defense,T5,MO,Missouri State Highway Patrol criminal history system,An Offense Cycle Number normally ties to a single arrest event.,"One OCN appears on a 2009 charge in one court, a 2010 warrant service, and a 2010 charge in a different court.","Case.net charge detail, 09AP-CR01193 and 10AO-CR01779",screenshot,,"Sample OCNs appearing on Case.net charge records and count how many span more than one arrest event or more than one court. If the rate is non-trivial, any criminal-history recital keyed to OCN is unreliable at scale.",Most likely a data-entry or display artifact in the public docket rather than in the underlying criminal-history record.,candidate,yes,Termination of 26AP-CR01146,dataset,Criminal-history record accuracy; audit requirements for OCN assignment,Statewide; affects every records check keyed to OCN,Test the pattern against unrelated public dockets to see whether it recurs,MG
HF-005,2026-10-07,2026-10-07 Missouri misdemeanor defense,T3,MO,Carthage Police Department,Pending — RSMo 610.100 request submitted for mobile video recordings of an incident at a nonpublic location.,"Pending. Record the response, the exemption cited if refused, the fee charged, and the elapsed days.",SEND-2 request and the agency's response,not yet,,"Submit identical 610.100 requests to a set of Missouri agencies and measure response time, fee, exemption cited, and whether the nonpublic-location right of access is honored. This is the Missouri analogue of the Kansas KORA matrix.",Small agencies may genuinely lack the staff to respond within the statutory window.,candidate,no,,dataset,"RSMo 610.100 response deadlines, fee caps, and retention",Every Missouri law enforcement agency,Send SEND-2 certified; log the date; calendar the statutory response window,MG
HF-006,2026-10-07,2026-10-07 Missouri misdemeanor defense,T6,MO / Jasper County,"Jasper County Circuit Court, Associate Division",A party was defaulted twice for failure to appear.,"The same docket records five Returned Mail-Undeliverable entries, including a Notice of Entry marked Unable to Forward, during the same window. Both defaults were later set aside on the party's motion.","Case.net docket, 22AP-AC00335 and 22AP-AC00335-01",screenshot,,Scrape associate civil dockets for cases containing both a Returned Mail-Undeliverable entry and a subsequent default for non-appearance. The co-occurrence rate is pure docket arithmetic and needs no interpretation.,Parties are obliged to keep a current address on file with the court; returned mail may reflect the party's own failure to update it.,candidate,yes,Termination of 26AP-CR01146,dataset,Alternative service before default; mandatory re-notice where mail is returned undeliverable,All associate civil dockets statewide,Draft the docket-scrape specification; it can be built during quarantine,MG
HF-007,2026-10-07,Kansas ch. 142 audit build,T3,KS,Multiple — see KORA-requests/targets,K.S.A. 45-218(d) requires a response within three business days; K.S.A. 45-219 limits fees to actual cost.,"To be measured. Capture for each target: days to response, fee quoted, exemption cited, and whether the exemption matches the records withheld.",KORA request copies and agency responses,not yet,,"This is already the design of the KORA matrix. The harvest addition is to log each divergence as a numbered finding rather than only as a tracker row, so that individual refusals become citable.",Agencies commonly miss the three-day window for volume reasons rather than to obstruct.,candidate,no,,dataset,K.S.A. 45-218(d) enforcement; fee standards under 45-219,Every KORA-covered agency in Kansas,Add a finding_id column cross-reference to the KORA response tracker,MG
HF-008,2026-10-07,Kansas ALPR / Flock audit build,T2,KS,ALPR-operating agencies,"Agency ALPR policies state retention periods, access controls, and audit-log requirements.","To be measured. Compare each agency's stated policy against the audit logs, retention settings, and sharing agreements actually produced in response to a records request.",Agency ALPR policy; audit logs; interagency sharing agreements,not yet,,Policy-versus-practice comparison runs identically for any surveillance technology with a written policy and a machine-generated log. The instrument is technology-agnostic.,A gap between written policy and vendor default configuration is frequently an oversight at procurement rather than a deliberate practice.,candidate,no,,instrument,Statutory retention limits and mandatory audit-log disclosure for ALPR,Every ALPR-operating agency in the state,Confirm the audit-log request language captures logs rather than policy only,MG
HF-009,2026-10-07,2026-10-07 Missouri misdemeanor defense,T3,MO,Structural — statutory,"RSMo 610.100 provides access to mobile video recordings, and agency retention schedules for such recordings are commonly short.","An indigent misdemeanor defendant is typically not appointed counsel until the initial appearance, which here falls roughly three weeks after the incident. Where a retention period is thirty days, the preservation window can expire at or near the moment counsel first appears.",RSMo 610.100; agency retention schedules; the charging timeline in this matter,not yet,,"Collect, for a set of agencies, the mobile-video retention period, and for a set of courts, the median interval from arrest to appointment of counsel. Where the first number is smaller than the second, the statutory right of access is structurally unavailable to indigent defendants.",Retention periods are set by storage cost and by schedules that predate widespread body-worn camera use; the interaction may simply never have been considered.,candidate,no,,report,Automatic preservation on arrest; extended retention where charges are filed; earlier appointment of counsel,Statewide; every indigent misdemeanor defendant in a recorded encounter,Request the retention schedule itself as a public record — it is not case-specific and can be obtained now,MG
